SampleName,Family,Relationship,Range,Haplotype
R1,F1,Father_Son,73-340 16024-16365,73G 195C 263G 16042A 16062G 16209C 16223T 16245T 16324C
R2,F2,Father_Daughter,73-340 16024-16365,73G 186T 200G 263G 322A 16168T 16172C 16174T 16183C 16189C 16217C 16249C 16305G 16325C
R3,F3,Mother_Son,73-340 16024-16365,73G 177C 195C 243G 263G 16042A 16062G 16209C 16223T 16243C 16324C
R4,F4,Mother_Daughter,73-340 16024-16365,73G 176G 195C 263G 273T 16025C 16084A 16100G 16183C 16210G 16223T 16274A 16290T 16319A 16362C 16365T
R5,F5,Brother_Brother,73-340 16024-16365,73G 152C 263G 16071T 16093C 16109G 16129A 16223T 16249C 16362C
R6,F6,Brother_Sister,73-340 16024-16365,73G 150T 263G 286G 16034A 16092C 16164G 16182C 16183C 16189C 16223T 16266T 16362C
R7,F7,Sister_Brother,73-340 16024-16365,73G 97A 152C 263G 16128T 16129A 16183C 16189C 16223T 16340G 16362C
R8,F8,Sister_Sister,73-340 16024-16365,73G 150T 263G 286G 16034A 16092C 16164G 16182C 16183C 16189C 16223T 16266T 16362C
R9,F9,Paternal-uncle_Nephew,73-340 16024-16365,73G 150T 152C 263G 16209C 16223T 16248T 16324C
R10,F10,Paternal-uncle_Niece,73-340 16024-16365,73G 152C 167T 263G 16129A 16223T 16253G 16362C
R11,F11,Paternal-aunt_Nephew,73-340 16024-16365,73G 146C 152C 263G 284G 312T 16129A 16223T 16244A 16292T 16362C
R12,F12,Paternal-aunt_Niece,73-340 16024-16365,73G 263G 16155G 16223T 16294T 16309R 16311C 16313T 16362C
R13,F13,Maternal-uncle_Nephew,73-340 16024-16365,73G 146C 195C 263G 16042A 16062G 16209C 16223T 16286T 16324C
R14,F14,Maternal-uncle_Niece,73-340 16024-16365,73G 151T 152C 167T 263G 16129A 16223T 16227G 16253G 16362C
R15,F15,Maternal-aunt_Nephew,73-340 16024-16365,73G 146C 152C 263G 284G 312T 16129A 16223T 16244A 16292T 16338G 16362C
R16,F16,Maternal-aunt_Niece,73-340 16024-16365,73G 151T 152C 167T 263G 272G 16121C 16129A 16223T 16227G 16253G 16362C
R17,F17,Father_Son,73-340 16024-16365,73G 150T 263G 284G 314del 16077G 16088C 16145A 16172C 16189C 16223T 16245T 16257A 16261T
R18,F18,Brother_Brother,73-340 16024-16365,73G 150T 263G 284G 314del 16077G 16088C 16145A 16172C 16189C 16223T 16245T 16257A 16261T
R19,F19,Father_Daughter,73-340 16024-16365,73G 131C 137G 152C 211G 263G 16129A 16223T 16362C
R20,F19,Paternal-uncle_Niece,73-340 16024-16365,73G 152C 263G 16093C 16109G 16129A 16223T 16249C 16362C
R21,F20,Sister_Brother,73-340 16024-16365,73G 263G 272G 16209C 16223T 16237G
R21,F20,Paternal-aunt_Nephew,73-340 16024-16365,73G 263G 272G 16209C 16223T 16237G
R22,F21,Brother_Sister,73-340 16024-16365,73G 151T 152C 167T 263G 16129A 16223T 16227G 16253G 16362C
R23,F22,Maternal-aunt_Niece,73-340 16024-16365,73G 78T 80T 125C 263G 16201T 16209C 16223T 16225T
R24,F23,Paternal-uncle_Nephew,73-340 16024-16365,73G 102G 152C 164T 200G 235G 263G 16205T 16223T 16283G 16290T 16319A 16357C 16362C
