SampleName,Family,Relationship,D3S1358,D3S1358,vWA,vWA,D16S539,D16S539,CSF1PO,CSF1PO,TPOX,TPOX,D8S1179,D8S1179,D21S11,D21S11,D18S51,D18S51,D2S441,D2S441,D19S433,D19S433,TH01,TH01,FGA,FGA,D22S1045,D22S1045,D5S818,D5S818,D13S317,D13S317,D7S820,D7S820,SE33,SE33,D10S1248,D10S1248,D1S1656,D1S1656,D12S391,D12S391,D2S1338,D2S1338
R1,F1,Father_Son,15,18,17,19,10,11,9,12,8,11,13,14,30,31.2,13,16,10,11,13,14,9,9,20,23,16,17,9,13,10,10,11,11,19,27.2,13,14,16,17.3,19,19,17,24
R2,F2,Father_Daughter,15,18,18,18,9,11,13,13,9,11,11,16,30,30,14,16,11,12,13,14,7,9,20,24,11,18,10,10,10,11,10,12,20,28,14,16,15,16,20,23,24,24
R3,F3,Mother_Son,15,17,14,16,11,11,10,12,11,11,14,16,29,30,13,14,10,11,13,14.2,6,7,23,23,11,16,9,13,8,12,11,12,25.2,30.2,13,15,14,16,21,24,23,23
R4,F4,Mother_Daughter,16,17,14,16,9,13,11,12,9,10,10,15,28,31,16,21,13,14,13,15.2,7,7,21,27,16,17,12,12,8,11,10,11,20,31.2,14,16,14,17,21,21,19,19
R5,F5,Brother_Brother,15,17,14,19,9,13,12,12,10,11,11,13,30,31.2,11,19,10,11,13,15.2,6,6,22,24,11,15,12,12,8,9,10,11,19,26.2,13,15,12,14,18,24,23,23
R6,F6,Brother_Sister,15,17,16,16,9,12,11,12,8,9,13,14,30,32.2,13,16,9.1,14,13,14,6,9,21,22,16,17,10,11,9,9,10,10,21,21,15,16,17,17,20,22,18,19
R7,F7,Sister_Brother,15,16,14,19,9,11,12,12,9,11,12,13,29,30,17,20,11,12,13.2,14.2,6,9,21,25,11,17,11,12,11,12,10,10,17,25.2,13,14,15,15,15,22,19,24
R8,F8,Sister_Sister,15,16,17,17,9,10,10,11,8,11,13,15,30,30,12,14,11,12,13,15,9,9,22,25,15,16,11,13,12,12,9,11,22.2,27.2,15,15,16,16,18,20,19,20
R9,F9,Paternal-uncle_Nephew,15,16,18,18,12,13,11,11,8,11,10,14,30,31,13,13,12,13,13,14,9,9,22,23,15,16,13,13,10,12,10,11,27.2,28.2,13,14,16,18.3,21,22,18,23
R10,F10,Paternal-uncle_Niece,15,16,17,18,9,10,10,12,8,12,11,16,30,30,15,17,10,10,15.2,17.2,9,9,19,19,11,16,10,12,11,13,11,11,21,26.2,12,13,13,16,19,20,19,20
R11,F11,Paternal-aunt_Nephew,15,16,14,16,11,12,10,10,8,11,10,10,30,32.2,12,13,10,11,13.2,14.2,6,9,23,25,13,16,11,13,8,13,11,12,20,21,13,14,15,17.3,19,21,18,19
R12,F12,Paternal-aunt_Niece,15,17,14,16,10,13,12,12,8,11,14,15,30,32.2,16,19,9.1,10,14,14,6,7,23,25,15,17,10,13,9,11,12,12,26.2,29.2,12,18,15,18.3,19,21,20,22
R13,F13,Maternal-uncle_Nephew,15,15,17,18,9,11,10,12,8,11,11,15,30,32.2,20,20,10,11,14,14,6,9,19,24,15,17,9,10,8,11,8,11,18,21,15,16,14,15,19,19,20,23
R14,F14,Maternal-uncle_Niece,15,16,15,16,12,13,12,12,8,11,10,13,30,33.2,16,19,10,11,12,14,8,9,22,22,11,15,9,11,8,8,12,12,18,27.2,14,15,15,17,12,19,18,24
R15,F15,Maternal-aunt_Nephew,15,17,16,17,9,12,11,12,8,8,12,14,29,32.2,15,16,10,10,13,14,9,9,23,23,15,16,11,11,9,10,11,12,19,25.2,13,15,17,17.3,19,27,17,24
R16,F16,Maternal-aunt_Niece,15,18,16,19,12,13,10,12,11,11,12,15,29,29,13,14,11,14,14,15.2,6,7,19,23,15,17,10,12,8,14,8,10,16,23.2,13,15,14,15,19,21,23,23
R17,F17,Father_Son,15,16,14,18,11,14,12,16,8,10,12,14,31.2,33.2,15,16,10,14,13,13,6,9,24,25,15,16,10,13,11,12,9,11,24.2,27.2,15,16,16,18.3,18,19,23,25
R18,F18,Brother_Brother,15,16,18,19,9,12,10,11,8,9,10,13,32.2,32.2,15,19,10,14,15.2,15.2,6,7,20,24,11,16,11,12,9,13,12,12,25.2,27.2,14,16,16,16,17,19,19,25
R19,F19,Father_Daughter,15,15,17,17,11,12,10,12,11,11,13,13,28,30,14,17,11,12,13,15,8,9,20,22,16,17,10,13,8,9,10,10,19,20,13,14,15,17.3,19,19,17,24
R20,F19,Paternal-uncle_Niece,15,17,16,18,10,10,9,12,8,11,13,13,29,30,14,23,10,12,14,15,7,9,22,23,11,17,11,12,9,12,10,11,26.2,27.2,13,14,15,16,19,20,19,20
R21,F20,Sister_Brother,15,16,17,18,10,12,10,15,8,11,12,16,29,31,13,16,10,11,13,15.2,6,9,22,24,11,17,10,10,8,11,10,11,15,21,14,15,16,18,19,19,18,20
R21,F20,Paternal-aunt_Nephew,15,16,17,18,10,12,10,15,8,11,12,16,29,31,13,16,10,11,13,15.2,6,9,22,24,11,17,10,10,8,11,10,11,15,21,14,15,16,18,19,19,18,20
R22,F21,Brother_Sister,15,16,14,17,9,9,10,11,8,9,12,14,29,31,12,16,9.1,10,13,14.2,7,7,19,23,11,16,10,13,8,11,11,12,13,30.2,13,16,16,17.3,18,22,19,23
R23,F22,Maternal-aunt_Niece,15,16,17,17,9,11,11,12,8,12,11,14,29,30,15,17,11,12,14,14.2,9.3,10,20,24,11,17,12,13,9,12,8,12,17,21,14,16,14,15,18,21,23,24
R24,F23,Paternal-uncle_Nephew,15,16,17,18,12,12,9,12,8,11,10,16,30,34.2,10,13,10,11,13,15.2,7,8,20,21,15,16,10,11,8,9,11,11,21,24.2,12,13,13,15,19,21,19,23
