SampleName,D3S1358,D3S1358,vWA,vWA,D16S539,D16S539,CSF1PO,CSF1PO,TPOX,TPOX,D8S1179,D8S1179,D21S11,D21S11,D18S51,D18S51,D2S441,D2S441,D19S433,D19S433,TH01,TH01,FGA,FGA,D22S1045,D22S1045,D5S818,D5S818,D13S317,D13S317,D7S820,D7S820,SE33,SE33,D10S1248,D10S1248,D1S1656,D1S1656,D12S391,D12S391,D2S1338,D2S1338
V1,16,17,17,18,9,10,10,12,9,11,11,13,29,30,13,15,9.1,10,14,15.2,7,9,22,23,15,15,10,13,8,11,10,11,16,18,14,14,14,16,19,20,23,23
V2,15,17,17,18,11,11,12,13,11,11,14,15,30,30,13,18,9.1,14,13,14,7,9,24,25,15,16,11,11,12,12,12,12,16,17,13,16,14,15,18,20,20,25
V3,15,17,15,19,9,,12,12,8,8,14,14,30,30,,17,12,14,12,13,7,,22,24,,,10,13,12,14,8,12,20,21,13,14,15,16,18,20,17,19
V4,15,17,14,18,9,9,9,11,,11,13,15,29,30,,13,10,,14,16.2,7,,20,25,16,17,11,13,8,11,11,,,29.2,15,,15,17.3,19,19,24,25
V5,17,,,,9,,12,14,8,9,,13,29,32.2,13,14,11,11,13,,9,9,22,23,11,15,13,13,,,11,11,20,30.2,13,13,15,16,20,,19,20
V6,16,,17,19,,11,12,,8,10,12,14,31,33.2,17,,,,13,14,9,9,,,15,,10,,8,8,9,10,18,30.2,,14,15,16,,21,23,24
V7,15,15,15,17,9,10,11,12,10,11,10,15,30,30,12,12,9.1,10,13,14,7,9,20,23,16,16,10,12,8,8,11,12,16,24.2,14,14,12,13,22,24,24,25
V8,15,16,15,17,11,11,10,12,9,11,10,13,29,31,12,14,10,10,13,14,9,9.3,19,26,17,17,11,13,8,8,11,13,19,21,12,15,11,14,20,20,19,20
V9,17,,18,18,9,10,11,11,8,8,11,15,27,32.2,15,16,10,13,12,14,7,9,23,23,11,17,7,12,8,12,8,11,26.2,29.2,13,15,15,17.3,19,20,18,23
V10,15,16,16,17,9,,10,,8,,10,13,30,30,15,,8.1,,13,15.2,6,,21,,15,15,10,10,11,11,10,11,,,13,14,16,16,18,19,23,
V11,17,17,17,,11,,12,,,,13,,29,33.2,13,15,10,10,14,15.2,6,6,20,23.2,15,,13,13,8,,10,,15,27.2,14,,16,,17,,17,
V12,17,,18,18,,,10,11,8,,10,,29,30,13,,10,,14,15.2,6,,21,,16,,12,,8,10,11,12,,,15,15,,,18,20,24,
V13,15,17,17,18,10,10,10,12,8,11,11,14,29,31.2,18,22,11,14,13,13,6,9,23,25,11,15,11,12,10,12,9,12,19.2,29.2,12,16,15,16,19,20,18,23
V14,15,18,15,18,9,12,11,12,8,8,10,13,29,31.2,14,19,10,10,14,15,8,9,21,23,15,16,10,11,8,10,11,12,24.2,32.2,15,16,11,15,18,22,20,25
V15,15,15,18,,9,9,10,,9,11,11,14,30,31,14,15,10,14,14,14.2,9,9,22,24,15,,10,12,9,11,8,10,28.2,,13,15,13,15,18,18,18,23
V16,16,16,17,,,,10,13,8,8,15,,29,,13,14,11,12,14,14,7,9,21,21,15,16,,,8,12,11,11,24.2,,13,16,16,,25,,19,22
V17,14,15,17,18,12,,,,8,8,,,,,18,,11,11,15.2,,6,,21,,,,9,11,8,10,10,,,,14,,15,,20,,18,23
V18,16,18,17,18,11,,9,12,8,,14,,,,16,16,,,14,,7,7,23,26,11,16,12,,9,9,10,11,19,19,,,15,16,18,,17,19
V19,15,15,16,18,11,11,12,12,8,11,10,15,30,30,14,14,12,13,13,14.2,8,9,21,22,11,16,9,12,9,10,10,11,15,17,13,15,15,18.3,18,18,23,24
V20,15,16,18,19,9,10,12,12,8,11,13,14,29,29,14,15,10,12,13.2,14,7,9,22,24,15,16,11,12,12,12,8,11,17,18,13,14,16,16,21,25,19,19
V21,16,,17,17,10,11,12,12,11,,14,15,33.2,,13,19,12,,13.2,16.2,6,9.3,18,23,15,15,9,,8,10,11,12,23.2,28.2,13,,15,15,19,20,19,24
V22,18,18,,,10,,10,,8,,10,11,29,29,14,,10,14,14,14,6,6,21,,17,,13,,8,12,10,,16,20.2,13,15,15,16,22,,19,24
V23,,,19,,9,10,7,10,8,11,15,,30,32.2,16,17,11,,13,13,9,,,,16,,12,12,12,,10,11,16,,14,14,14,,18,19,18,24
V24,18,,14,16,9,12,12,,8,8,11,12,30,,14,16,10,,13,,8,9,22,,16,,10,,,,12,12,,,16,,16,,17,19,,
V25,15,16,16,17,11,13,12,12,8,11,13,14,28,30,16,20,11,12,13,14,6,9,23,24,17,17,11,13,8,10,10,12,18,24.2,14,16,13,15,18,24,23,23
V26,15,15,17,18,9,10,11,11,8,11,14,16,29,29,14,14,12,14,14.2,15.2,7,9,23,24,11,15,10,12,8,10,7,11,28.2,28.2,12,13,18,18.3,15,19,26,26
V27,16,16,16,18,9,,10,11,11,12,11,12,29,33.2,12,,11,,13,14,9,,20,22,11,15,13,13,11,,8,11,24.2,,14,15,13,17,20,,19,23
V28,15,16,17,17,10,11,12,12,9,,14,,30,31,13,,11,11,14.2,15.2,6,7,21,24,11,17,9,12,12,13,12,,17,24.2,15,,14,15,20,,17,19
V29,15,15,16,16,13,,12,,9,9,13,13,29,30,14,18,,,,,8,8,21,23,16,17,11,11,8,11,13,,18,23.2,14,,16,,18,,23,
V30,15,17,14,,12,,12,,,,,,29,31.2,21,,10,14,,,7,9,23,,,,10,,8,,10,,21,32.2,14,,11,15,25,,19,
