Sample Name,DYS576,DYS389I,DYS635,DYS389II,DYS627,DYS460,DYS458,DYS19,GATA_H4,DYS448,DYS391,DYS456,DYS390,DYS438,DYS392,DYS518,DYS570,DYS437,DYS385,DYS449,DYS393,DYS439,DYS481,DYF387S1,DYS533
Q1,18,14,21,31,21,11,15,17,11,19,10,15,24,10,11,37,17,14,"13,17",31,13,11,26,37,12
Q2,18,14,20,30,20,11,17,15,12,18,10,15,22,13,13,38,19,14,"10,20",29,13,12,21,"35,39",11
Q3,20,13,21,30,,11,15,15,11,19,11,15,25,10,11,37,17,14,14,30,13,12,26,37,13
Q4,18,13,22,30,22,11,16,17,,18,11,15,26,11,11,37,16,14,13,30,14,11,,,12
Q5,19,14,,32,20,10,17,,11,18,10,15,23,11,,,18,,"13,17",31,,12,,38,
Q6,19,,,30,,,15,15,12,17,10,,,,11,40,,14,14,32,,,,38,
Q7,17,13,22,29,19,10,15,15,11,21,10,15,23,10,11,38,16,14,"11,19",31,15,10,28,"36,38",12
Q8,19,13,21,29,19,11,17,13,12,18,10,16,24,10,11,38,19,14,"13,15",33,14,13,26,"35,39,40",12
Q9,18,12,22,27,,9,18,14,,20,10,14,24,11,14,37,18,14,"13,18",35,12,12,23,"35,38",11
Q10,18,13,,29,20,9,15,14,12,19,11,16,24,11,14,,16,15,"13,17",34,13,12,23,"36,38",11
Q11,21,12,20,28,18,,,14,13,20,10,15,,,14,35,18,15,18,33,,13,,"35,36",
Q12,18,12,24,,,,16,16,12,20,10,,24,10,13,40,19,,,,12,,,36,11
Q13,19,14,21,31,23,11,16,15,11,21,10,16,23,10,11,40,15,14,11,33,15,12,25,38,12
Q14,19,12,23,29,19,10,18,16,13,20,10,15,23,12,13,41,20,14,"14,18",32,12,11,24,"37,39",11
Q15,,11,21,27,20,11,18,16,,19,,,23,10,12,38,17,15,16,31,12,13,22,"36,39",11
Q16,18,14,22,30,21,10,17,16,11,,10,16,24,10,11,41,,,12,27,13,11,26,"35,37",11
Q17,19,13,,30,22,,,16,11,,10,15,23,9,11,37,18,,15,32,,12,,,12
Q18,19,14,20,,20,11,19,15,12,,10,,22,,13,,19,14,"10,21",,13,12,22,37,
Q19,17,13,21,28,21,11,17,14,11,18,10,15,23,13,13,40,17,14,"10,18",30,13,13,23,"35,39",11
Q20,18,12,20,28,20,9,17,16,13,19,10,15,23,10,12,36,17,15,"12,16",34,12,11,22,"35,39",11
Q21,17,12,21,29,18,10,15,15,11,,10,16,24,10,14,36,21,14,12,29,,13,24,"37,38",11
Q22,18,,21,28,20,9,18,,12,20,10,,25,11,14,35,17,,"13,18",34,12,11,23,,12
Q23,17,,21,29,19,,17,,11,,10,15,24,10,,38,18,15,"11,20",31,,12,24,"37,39",12
Q24,19,,21,,22,,,,12,18,,,22,13,,37,,14,10,,13,,,38,11
Q25,18,12,20,28,18,9,16,16,12,20,10,14,24,11,14,37,16,15,"13,17",33,12,13,25,"36,38",11
Q26,19,13,21,31,20,11,15,17,11,19,10,15,25,10,11,37,17,14,"13,17",31,13,11,26,36,12
Q27,18,13,21,28,19,10,19,15,11,18,10,15,23,13,13,40,17,14,10,30,13,13,23,"36,40",
Q28,20,14,20,30,20,11,18,15,12,18,10,15,22,13,13,38,,,19,30,13,13,21,39,11
Q29,17,,21,29,20,11,20,16,,18,10,16,,13,,40,18,14,"10,18",31,13,12,23,41,11
Q30,19,11,,,20,,,,,18,,,22,14,13,,,14,10,31,13,,,40,
