SampleName,DYS576,DYS389I,DYS635,DYS389II,DYS627,DYS460,DYS458,DYS19,GATA_H4,DYS448,DYS391,DYS456,DYS390,DYS438,DYS392,DYS518,DYS570,DYS437,DYS385,DYS449,DYS393,DYS439,DYS481,DYF387S1,DYS533
V1,15,15,20,30,23,9,15,15,13,16,9,14,24,11,11,45,18,13,"11,16",33,12,15,28,36,12
V2,18,13,21,27,18,11,17,15,11,15,10,17,24,11,12,42,19,14,"12,17",30,13,13,30,"34,35",11
V5,20,13,21,29,19,10,19,15,12,18,8,15,22,13,13,42,17,13,"10,17",30,14,12,21,37,11
V6,21,12,25,30,23,10,17,17,13,18,10,13,24,10,11,40,18,14,"13,19",31,14,11,26,"33,35",12
V9,15,14,21,30,20,10,20,15,10,19,10,15,22,13,13,39,16,14,"10,18",32,13,11,22,"36,41",12
V10,19,12,20,28,24,12,17,16,11,18,11,12,22,12,11,38,14,14,"11,18",33,13,10,26,"37,38",11
V13,17,13,21,31,22,10,16,15,11,19,10,14,25,10,11,37,20,14,"13,15",32,13,13,27,"37,39",12
V14,21,14,21,29,20,12,17,15,11,18,9,16,22,13,13,40,17,14,"11,18",28,13,11,21,37,10
V17,,,,29,22,,17,16,12,18,,16,,,,,,,"10,21",,14,,21,"34,40",
V18,17,,20,30,22,,,15,14,18,10,14,25,,,,,,,31,,,26,41,
V19,21,15,21,29,24,11,18,15,9,21,10,15,23,10,11,44,15,15,"10,20",33,15,11,24,"37,39",12
V22,20,13,21,30,14,10,16,15,12,20,10,14,22,12,14,41,21,14,"10,19",27,12,14,23,"33,39",10
V23,20,11,20,24,21,11,20,15,11,19,10,17,23,10,12,40,18,15,"12,16",32,12,12,22,"36,39",11
V24,18,11,20,26,24,10,21,15,12,19,10,15,23,10,12,41,18,15,"12,16",30,12,15,20,"38,39",11
