Sample Name,Range,Haplotype
Q1,73-340 16024-16365,16183C 16189C 16217C 16311C 73G 263G 309.1C 315.1C
Q2,73-340 16024-16365,16093C 16114A 16223T 16362C 73G 191.1A 194T 263G 309.1C 315.1C
Q3,73-167 240-340 16024-16365,16095T 16189C 16223T 16265C 16274A 16362C 73G 143A 152C 263G 315.1C
Q4,73-265 16024-16284,16223T 73G 152C 263G
Q5,16117-16365,16140C 16182C 16183C 16189C 16234T 16243C 16291T
Q6,73-167 16117-16209,16172C 73G 150T
Q7,73-340 16024-16365,16172C 16223T 16257A 16261T 73G 150T 263G 309.1C 309.2C 315.1C
Q8,73-340 16024-16365,16129A 16183C 16189C 16223T 16297C 16298C 16311C 73G 150T 199C 263G 309.1C 309.2C 315.1C
Q9,73-340 16024-16132 16179-16365,16183C 16189C 16209C 16223T 16324C 73G 207A 263G 284G 309.1C 309.2C 315.1C
Q10,73-265 16024-16209 16266-16365,16362C 73G 263G
Q11,73-340 16024-16209 16266-16365,16129A 16189C 16362C 73G 152C 263G 309.1C 315.1C
Q12,142-340 16024-16209 16266-16365,16362C 146C 263G 309.1C 315.1C
Q13,73-340 16024-16365,16140C 16183C 16189C 16194C 16195C 16243C 73G 103A 189G 199C 203A 204C 263G 309.1C 315.1C
Q14,73-340 16024-16365,16223T 16355T 16362C 73G 263G 280T 315.1C
Q15,73-167 240-340 16024-16209 16266-16365,16182C 16183C 16189C 16360T 73G 263G 315.1C
Q16,73-340 16024-16209,16129A 16189C 73G 152C 263G 309.1C 315.1C
Q17,142-340 16024-16132 16179-16284,16223T 16278T 263G 315.1C
Q18,142-265 16117-16209 16266-16365,16362C 263G
Q19,73-340 16024-16365,16129A 16183C 16189C 16223T 16297C 16298C 73G 150T 199C 263G 309.1C 309.2C 315.1C
Q20,73-340 16024-16365,16129A 16223T 16362C 73G 189G 194T 263G 309.1C 315.1C
Q21,73-340 16024-16365,16092C 16209C 16223T 16324C 73G 263G 309.1C 309.2C 315.1C
Q22,73-167 16024-16365,16129A 16182C 16183C 16189C 16232A 16249C 16304C 16311C 16344T 73G 152C
Q23,73-340 16024-16365,16126C 16223T 16235G 16290T 16319A 73G 235G 263G 315.1C
Q24,73-167 16024-16132 16179-16284,16086C 16182C 16183C 16189C 16217C 73G
Q25,73-340 16024-16365,16209C 16223T 16291T 16324C 16356Y 73G 263G 315.1C
Q26,73-340 16024-16365,16182C 16183C 16189C 16217C 16261T 16360T 73G 263G 315.1C
Q27,73-340 16024-16365,16189C 16194G 16195C 16223T 16227G 16278T 16362C 73G 152C 263G 309.1C 315.1C
Q28,73-265 16024-16284,16129A 16183C 16189C 16223T 73G 150T 199C 263G
Q29,73-340 16024-16284,16174T 16223T 73G 152C 207A 263G 315.1C
Q30,142-340 16024-16209 16266-16365,16187T 16290T 16319A 235G 263G 309.1C 315.1C
