Sample Name,D3S1358,D3S1358,vWA,vWA,D16S539,D16S539,CSF1PO,CSF1PO,TPOX,TPOX,D8S1179,D8S1179,D21S11,D21S11,D18S51,D18S51,D2S441,D2S441,D19S433,D19S433,TH01,TH01,FGA,FGA,D22S1045,D22S1045,D5S818,D5S818,D13S317,D13S317,D7S820,D7S820,SE33,SE33,D10S1248,D10S1248,D1S1656,D1S1656,D12S391,D12S391,D2S1338,D2S1338
Q1,15,15,15,17,9,10,11,12,10,11,10,15,30,30,12,12,9.1,10,13,14,7,9,20,23,16,16,10,12,8,8,11,12,16,24.2,14,14,12,13,22,24,24,25
Q2,15,16,15,17,11,11,10,12,9,11,10,13,29,31,12,14,10,10,13,14,9,9.3,19,26,17,17,11,13,8,8,11,13,19,21,12,15,11,14,20,20,19,20
Q3,15,17,16,18,10,12,10,13,8,8,12,13,30,30,13,16,11,11.3,13,13,7,9.3,23,23,16,17,13,13,8,9,11,11,16,29.2,13,15,15,18,22,23,18,26
Q4,15,18,16,18,9,14,10,12,8,8,11,12,30,30,16,17,10,13,13,13,6,7,23,24,15,16,10,10,11,12,10,11,18,22,13,13,11,16,20,21,20,22
Q5,15,15,14,17,9,10,11,13,11,11,12,13,30,30,14,21,11,13,14,14.2,6,9,24,24,15,17,9,12,10,11,11,11,16,21.2,14,14,15,16,20,21,19,24
Q6,17,,18,18,9,10,11,11,8,8,11,15,27,32.2,15,16,10,13,12,14,7,9,23,23,11,17,7,12,8,12,8,11,26.2,29.2,13,15,15,17.3,19,20,18,23
Q7,15,15,17,18,9,11,10,10,8,,10,10,30,30,14,19,10,11,13,14,8,9,22,24,11,,12,13,11,12,8,8,27.2,,13,15,17.3,18.3,20,22,17,22
Q8,15,16,15,17,9,9,12,12,9,11,12,15,30,32.2,13,13,11,11,13,,9,,21,,11,15,11,13,11,,10,,24.2,26.2,13,13,15,16,18,22,20,24
Q9,15,16,17,,11,12,12,13,8,11,14,15,28,29,23,,10,12,13,13.2,9,9,20,22,17,18,12,13,11,11,8,11,26.2,29.2,13,16,15,17.3,19,19,18,19
Q10,15,16,17,17,10,12,10,,8,11,10,16,28,31,14,14,12,14,14,15,7,9,21,23,15,15,13,,9,12,10,12,27.2,30.2,13,16,15,18.3,20,21,19,25
Q11,15,16,16,17,9,,10,,8,,10,13,30,30,15,,8.1,,13,15.2,6,,21,,15,15,10,10,11,11,10,11,,,13,14,16,16,18,19,23,
Q12,15,16,15,17,9,,12,12,11,,12,14,,,15,17,10,,13,14,7,8,22,26,15,17,12,,8,12,12,13,21,,13,,15,,18,20,17,25
Q13,15,15,14,20,9,,12,13,8,11,14,17,,,16,17,12,15,14,14,7,,21,25,16,,11,12,11,12,10,10,17,26.2,13,,17,,17,22,22,23
Q14,17,17,14,16,9,11,12,13,8,8,13,,30,31.2,14,17,11,,15.2,,6,9,19,24,16,17,10,11,8,12,10,10,17,,14,16,15,15,18,21,16,18
Q15,15,,19,,12,13,10,12,9,,10,14,30,30,14,15,,,12.2,14,9,9,20,22,11,16,11,11,8,11,10,12,,,12,17,14,16,17,18,19,
Q16,17,17,17,,11,,12,,,,13,,29,33.2,13,15,10,10,14,15.2,6,6,20,23.2,15,,13,13,8,,10,,15,27.2,14,,16,,17,,17,
Q17,15,17,14,17,,,12,13,8,11,12,,29,,15,,11,,14,,6,9,24,,11,11,13,,11,,10,10,19,22.2,14,15,17.3,,19,,18,22
Q18,15,16,17,18,9,,9,,11,,14,,28.2,29,14,15,10,10,13,14.2,7,7,,,11,,9,11,10,12,10,,21,,14,15,17.3,18.3,19,,17,24
Q19,15,17,14,,,,11,,8,11,16,,32.2,32.2,13,15,10,,14,,7,9,23,24,15,,11,,11,11,11,13,19,24.2,13,,16,17,,,18,24
Q20,16,17,,,9,,12,,8,8,10,14,30,,18,,11,11,15,15.2,9,9.3,26,,11,16,,,,,12,12,25.2,,13,,14,15,,,20,23
Q21,17,,18,18,,,10,11,8,,10,,29,30,13,,10,,14,15.2,6,,21,,16,,12,,8,10,11,12,,,15,15,,,18,20,24,
Q22,16,,16,,9,,11,,8,,11,,30,31,15,15,11,,14,16.2,7,,24,,16,,9,,8,9,10,,21,,13,,,,17,21,24,26
Q23,15,,14,,9,9,12,,8,11,16,,33.2,,15,,,,13.2,,7,9,,,16,,,,11,,10,,,,16,,,,18,,17,22
Q24,18,,16,,11,,10,,11,,,,30,30,,,10,14,13,,6,7,19,20,,,9,12,11,,11,,,,14,15,17.3,,21,23,24,
Q25,15,17,,,,,,,11,,13,,,,15,,,,14,15.2,6,7,21,,16,,,,,,,,24.2,,13,17,16,,18,,16,
Q26,15,17,17,18,10,10,10,12,8,11,11,14,29,31.2,18,22,11,14,13,13,6,9,23,25,11,15,11,12,10,12,9,12,19.2,29.2,12,16,15,16,19,20,18,23
Q27,15,18,15,18,9,12,11,12,8,8,10,13,29,31.2,14,19,10,10,14,15,8,9,21,23,15,16,10,11,8,10,11,12,24.2,32.2,15,16,11,15,18,22,20,25
Q28,15,17,17,18,9,10,11,12,8,8,10,14,29,30,13,14,10,10,15.2,16.2,9,9,20,21,15,17,9,13,8,12,11,12,17,29.2,13,13,15,17.3,19,20,25,26
Q29,15,16,14,16,9,9,10,10,8,11,11,14,31.2,32.2,12,13,11,12,13,14,7,9,20,21,11,15,12,13,11,12,10,11,18,24.2,13,15,13,14,19,20,19,20
Q30,15,16,17,19,9,10,12,12,8,9,13,16,32.2,32.2,13,13,10,11,14.2,14.2,6,9,22,23,17,17,9,10,9,12,11,12,20,25.2,14,16,15,15,21,22,19,22
Q31,15,15,18,,9,9,10,,9,11,11,14,30,31,14,15,10,14,14,14.2,9,9,22,24,15,,10,12,9,11,8,10,28.2,,13,15,13,15,18,18,18,23
Q32,15,,17,18,9,,7,10,8,11,14,15,28,32.2,13,15,12,12,15.2,,9,,22,24,15,17,9,11,8,13,10,12,26.2,27.2,12,15,15,18.3,18,25,19,20
Q33,15,15,16,18,13,,11,12,8,8,11,,29,29,16,22,11,12,13,13,6,9,22,23,15,17,11,11,9,10,8,10,22,29.2,14,14,15,16,19,21,19,25
Q34,15,18,16,18,9,10,12,12,,,12,14,29,30,13,17,11,12,13,13,8,9,22,22,16,16,10,,9,11,11,12,18,22.2,12,13,14,,18,24,23,25
Q35,16,,14,18,12,13,13,,8,8,14,14,29,32.2,18,21,11,12,14.2,,6,9,21,24,17,,10,10,,,11,11,18,32.2,16,,14,16,19,21,24,
Q36,16,16,17,,,,10,13,8,8,15,,29,,13,14,11,12,14,14,7,9,21,21,15,16,,,8,12,11,11,24.2,,13,16,16,,25,,19,22
Q37,15,17,17,17,12,,12,12,9,11,16,,28,30,13,,12,14,14,14,6,9.3,21,23,15,17,12,13,10,11,11,,20,29.2,15,,17,17.3,19,,19,23
Q38,15,,17,,9,,10,12,8,9,10,,29,32,,,10,10,14,14,7,,24,25,11,,,,8,12,8,10,17,19,13,15,17.3,,20,,20,21
Q39,15,16,14,18,13,,10,,8,,13,15,30,,13,17,11,14,13,14,9,9,20,21,,,11,11,12,12,10,12,25.2,32.2,,,12,16,19,20,19,24
Q40,15,17,14,15,11,,11,13,,,13,14,31,32.2,14,15,10,13,13,13,7,9,20,24,16,,11,11,8,10,12,12,25.2,,14,15,16,,20,20,23,
Q41,14,15,17,18,12,,,,8,8,,,,,18,,11,11,15.2,,6,,21,,,,9,11,8,10,10,,,,14,,15,,20,,18,23
Q42,15,,14,14,9,,12,,8,11,10,14,31.2,32.2,,,11,,14,15.2,7,9,,,16,,9,,11,,12,,19,,13,15,16,,17,,18,25
Q43,16,16,17,17,9,12,10,,10,,11,15,31,,17,,10,10,14,,6,6,,,11,,11,,10,,10,12,19,27.2,14,14,,,19,26,18,18
Q44,15,,16,18,10,,11,,11,11,11,,31,,13,,11,11,13,14.2,9,,19,,16,17,10,12,8,10,12,,25.2,,15,,12,17,18,19,17,
Q45,15,16,17,,,,10,12,11,,14,16,31,,16,16,10,10,14,15,8,,22,23,17,,12,12,11,11,12,,24.2,,,,15,16,22,,,
Q46,16,18,17,18,11,,9,12,8,,14,,,,16,16,,,14,,7,7,23,26,11,16,12,,9,9,10,11,19,19,,,15,16,18,,17,19
Q47,15,,18,,9,10,13,,,,12,14,31,,,,11.3,12,14.2,,9,9,21,24,11,,10,11,11,12,11,11,,,13,15,15,,19,21,19,19
Q48,15,16,14,,11,12,12,,8,,13,,28.2,30,14,15,10,,13,14,7,,19,22,,,9,13,12,,9,,20.2,,13,13,,,,,18,
Q49,14,16,14,,,,10,14,9,11,16,,30,31,13,20,,,14,14.2,6,9,,,,,9,13,8,8,11,13,22.2,24.2,,,16,,17,18,,
Q50,,,14,17,9,,11,,8,8,,,30,,13,14,13,,14.2,,6,7,23,24,15,,,,10,13,12,,20,21.2,16,,,,18,,17,25
Q51,15,15,16,18,11,11,12,12,8,11,10,15,30,30,14,14,12,13,13,14.2,8,9,21,22,11,16,9,12,9,10,10,11,15,17,13,15,15,18.3,18,18,23,24
Q52,15,16,18,19,9,10,12,12,8,11,13,14,29,29,14,15,10,12,13.2,14,7,9,22,24,15,16,11,12,12,12,8,11,17,18,13,14,16,16,21,25,19,19
Q53,15,15,16,18,10,10,10,14,8,11,14,15,28,32.2,17,22,10,10,13,15.2,6,9,23,24,15,16,10,13,8,9,10,12,16,24.2,13,13,16,16.3,18,19,19,19
Q54,15,16,14,16,9,9,11,12,10,11,13,13,29,32.2,14,19,13,14,12,15.2,9,9,22,23,15,15,10,10,8,8,11,11,27.2,27.2,16,17,13,16,17,21,17,25
Q55,15,16,17,18,10,11,11,12,8,11,10,15,29,30,14,16,10,11,14,15,7,9,22,22,17,17,10,12,8,11,10,11,20.2,28.2,13,14,17.3,17.3,17,22,19,22
Q56,16,,17,17,10,11,12,12,11,,14,15,33.2,,13,19,12,,13.2,16.2,6,9.3,18,23,15,15,9,,8,10,11,12,23.2,28.2,13,,15,15,19,20,19,24
Q57,17,,17,18,9,12,13,14,9,,11,,30,31.2,16,,10,10,13,14.2,9,9,25,,15,16,11,13,10,11,10,11,17,19,12,15,14,15,19,22,19,21
Q58,16,17,14,18,10,,12,,8,11,13,14,29,30,12,17,12,12,14,,6,,22,26,15,16,11,11,11,12,11,,22.2,26.2,13,13,15,15,18,26,25,
Q59,16,,16,18,9,10,9,,11,11,13,,30,33.2,13,13,11,11,14,14.2,7,9,21,24,16,17,12,13,12,12,8,,18,24.2,14,15,12,14,18,20,19,27
Q60,15,15,14,14,9,12,11,11,8,8,11,,31,32.2,13,21,12,,14,15.2,9,,22,24,16,17,12,12,10,11,12,12,19,20,13,14,13,16,18,21,19,
Q61,18,18,,,10,,10,,8,,10,11,29,29,14,,10,14,14,14,6,6,21,,17,,13,,8,12,10,,16,20.2,13,15,15,16,22,,19,24
Q62,15,,17,,9,10,10,,11,11,,,30,,14,,12,14,14.2,,7,7,22,,15,17,11,13,8,10,11,13,29.2,29.2,15,,14,14,18,,23,
Q63,15,18,14,16,9,,12,,11,11,15,,31,,13,15,11.3,,13,14,9,,22,24,15,,11,11,8,13,8,10,20,21,13,,15,17,19,23,19,24
Q64,16,16,14,17,12,,13,14,8,11,12,,31.2,32.2,15,17,10,11,14.2,,8,,21,,16,16,9,10,10,,11,,18,,14,,14,16,17,18,19,19
Q65,14,15,16,,11,,9,10,8,8,13,15,30,,,,11,12,15.2,,6,,19,22,15,,11,12,8,12,11,,27.2,,12,12,16,,18,19,18,19
Q66,,,19,,9,10,7,10,8,11,15,,30,32.2,16,17,11,,13,13,9,,,,16,,12,12,12,,10,11,16,,14,14,14,,18,19,18,24
Q67,15,17,16,18,9,,12,,8,11,12,13,,,14,17,11,11,13,,6,,20,22,16,,12,13,8,11,10,12,19,,12,15,15,17,19,19,23,
Q68,15,,14,14,13,,12,,11,,13,,29,30,14,,10,11.3,14,,8,9,22,23,11,15,,,9,12,10,12,,,13,,12,16,20,,,
Q69,16,17,14,16,13,13,15,,8,8,10,15,29,,14,15,11,14,13,14,7,9,24,,11,17,12,13,8,8,10,11,22,29.2,13,14,13,17,21,,24,25
Q70,16,17,18,,9,9,,,11,,13,,30,31.2,16,,10,11,13,14,6,9,21,23,15,17,11,13,11,11,11,,19,24.2,13,15,17,,20,20,20,
Q71,18,,14,16,9,12,12,,8,8,11,12,30,,14,16,10,,13,,8,9,22,,16,,10,,,,12,12,,,16,,16,,17,19,,
Q72,,,16,,10,,10,12,8,,,,,,18,,10,12,14.2,,7,,22,26,17,,,,12,,10,,24.2,27.2,13,,15,16,18,,18,19
Q73,18,,16,,10,12,10,12,11,11,12,,,,15,,,,13,,6,9,,,16,17,11,,13,,10,11,,,15,,16,,18,21,23,
Q74,15,,17,,,,13,13,11,,14,14,29,31.2,18,,,,14,,6,7,23,,16,16,12,,11,,,,20,,13,15,15,,20,,,
Q75,15,,,,,,12,,11,,14,,29,32.2,12,,11,12,12,14,9,,,,,,11,,,,11,,24.2,,13,,,,19,,,
Q76,15,16,16,17,11,13,12,12,8,11,13,14,28,30,16,20,11,12,13,14,6,9,23,24,17,17,11,13,8,10,10,12,18,24.2,14,16,13,15,18,24,23,23
Q77,15,15,17,18,9,10,11,11,8,11,14,16,29,29,14,14,12,14,14.2,15.2,7,9,23,24,11,15,10,12,8,10,7,11,28.2,28.2,12,13,18,18.3,15,19,26,26
Q78,15,17,17,19,9,9,10,12,9,11,11,12,30,30,15,18,9.1,10,13,14.2,6,7,23,24,15,16,11,11,11,12,8,10,24.2,30.2,13,13,15,17,20,21,20,25
Q79,15,17,15,15,9,9,10,12,8,9,13,16,30,30,15,18,11,12,13,13,7,7,22,25,15,16,12,12,8,8,12,12,16,22.2,13,14,12,13,19,20,19,19
Q80,16,18,16,18,9,11,9,12,8,8,11,14,29,30.2,16,21,11,15,13,14,9,9,21,23,15,16,11,12,8,11,10,11,24.2,27.2,14,14,14,18.3,18,20,20,23
Q81,16,16,16,18,9,,10,11,11,12,11,12,29,33.2,12,,11,,13,14,9,,20,22,11,15,13,13,11,,8,11,24.2,,14,15,13,17,20,,19,23
Q82,17,,17,18,9,12,10,11,8,10,13,14,29,31,14,16,11,11,13,14,6,9.3,20,22,15,,10,12,11,14,8,12,20,28.2,12,14,14,16,18,21,17,23
Q83,15,17,16,17,10,,11,12,8,11,15,15,30,30,14,,12,12,14,15.2,9,9,19,22,11,16,10,15,11,12,12,13,20,27.2,12,13,15,16,18,21,27,
Q84,15,17,14,,9,9,12,12,8,8,13,14,30,30,13,,11.3,12,15.2,,7,9,23,,16,17,9,12,11,12,10,12,19,26.2,13,16,16,16,21,24,20,
Q85,16,16,18,,9,13,10,12,10,,12,14,31.2,,13,15,12,,15,,7,9.3,21,25,11,15,10,,11,11,10,12,24.2,30.2,14,14,16,18.3,17,19,17,
Q86,15,16,17,17,10,11,12,12,9,,14,,30,31,13,,11,11,14.2,15.2,6,7,21,24,11,17,9,12,12,13,12,,17,24.2,15,,14,15,20,,17,19
Q87,15,16,14,,11,12,11,12,9,,13,14,29,29,,,10,12,15.2,,9,,22,,16,,10,,9,,9,11,17,26.2,13,,15,,19,21,18,22
Q88,16,16,17,18,9,11,12,14,11,11,12,13,31.2,,14,16,12,14,14,14.2,9,,19,22,17,,9,10,8,10,11,12,,,14,16,13,17,20,,18,20
Q89,15,,14,17,10,,10,10,8,12,12,,,,14,15,11,,11,15,6,,24,26,16,16,12,,12,,11,12,16.2,18,13,,15,17.3,22,27,19,20
Q90,17,,14,,11,11,12,,8,8,13,16,29,31.2,14,21,10,10,12.2,14,9,9,18,23,11,,,,8,,9,12,24.2,25.2,,,17,19.3,18,22,17,23
Q91,15,15,16,16,13,,12,,9,9,13,13,29,30,14,18,,,,,8,8,21,23,16,17,11,11,8,11,13,,18,23.2,14,,16,,18,,23,
Q92,16,18,17,17,11,12,13,,8,8,14,16,29,,13,17,10,,12,,,,24,,,,11,,11,11,11,11,28.2,29.2,14,16,13,18,20,23,21,
Q93,16,16,18,,9,,,,12,,10,,30,30,15,18,10,15,13,13.2,6,9,25,,11,11,13,,8,12,8,11,29.2,,14,16,12,17,18,20,17,
Q94,16,18,16,,10,10,,,8,11,15,,29,31,14,,11,12,14,14,9,,23,,11,16,11,,12,,10,11,22.2,,13,13,17,,17,,18,25
Q95,15,18,14,14,9,13,10,,9,11,13,14,30,,13,16,10,11,14,,7,10,23,,18,,11,,8,11,11,11,,,,,13,,18,21,17,18
Q96,15,17,14,,12,,12,,,,,,29,31.2,21,,10,14,,,7,9,23,,,,10,,8,,10,,21,32.2,14,,11,15,25,,19,
Q97,,,17,17,10,10,10,,8,11,10,,,,20,,10,11,12,15.2,9,,22,,,,10,,13,,10,,31.2,,15,15,,,19,,23,
Q98,18,,,,9,,11,13,8,,13,14,29,31,,,11,12,13.2,,9,,,,13,17,10,,8,8,11,,17,25.2,13,13,11,16,18,23,,
Q99,15,18,17,,10,,11,11,8,9,14,,29,,14,16,10,15,13,16,9,9,23,24,16,,11,11,10,10,,,30.2,,,,13,16,,,18,
Q100,16,,14,17,13,,11,12,8,,13,,,,15,,11,,14,,,,26,,16,,12,,12,,10,11,21.2,24.2,,,15,15,23,,18,26
