Sample Name,Relationship,D3S1358,D3S1358,vWA,vWA,D16S539,D16S539,CSF1PO,CSF1PO,TPOX,TPOX,D8S1179,D8S1179,D21S11,D21S11,D18S51,D18S51,D2S441,D2S441,D19S433,D19S433,TH01,TH01,FGA,FGA,D22S1045,D22S1045,D5S818,D5S818,D13S317,D13S317,D7S820,D7S820,SE33,SE33,D10S1248,D10S1248,D1S1656,D1S1656,D12S391,D12S391,D2S1338,D2S1338
R1,parent,15,17,17,17,9,11,12,12,8,10,15,15,30,32,12,16,9.1,11,13,13,9,9,21,23,11,16,10,10,8,8,8,12,24.2,24.2,13,14,12,17.3,20,24,19,25
R2,parent,15,17,15,19,10,11,10,12,9,11,10,16,29,33.2,12,19,10,10,13,14,7,9,24,26,16,17,9,13,8,12,12,13,21,21,15,15,11,17.3,17,20,19,23
R3,parent,16,17,14,18,9,10,8,10,8,12,10,13,30,30,13,14,9.1,11.3,13,15.2,9,9.3,20,23,11,17,11,13,8,11,10,11,20,29.2,12,13,16,18,18,23,18,18
R4,parent,16,18,17,18,9,14,10,12,8,10,12,13,30,32,17,18,10,14,13,15.2,7,7,22,24,15,18,10,11,11,13,10,11,18,28.2,13,13,11,16,20,21,18,22
R5,parent,15,16,17,18,9,9,11,12,8,11,13,13,29,30,14,20,11,14,14,14.2,7,9,24,24,15,17,12,12,8,10,11,11,16,20,14,16,11,15,18,20,19,19
R6,parent,15,17,18,18,7,9,11,12,8,11,14,15,29,32.2,13,16,10,13,13,14,8,9,23,24,11,11,7,11,8,11,8,11,24.2,29.2,13,13,15,15,18,20,17,23
R7,parent,15,16,16,18,9,10,10,11,8,10,10,11,30,32.2,14,23,11,12,13,14,6,8,18,22,11,15,12,13,12,13,8,8,21,27.2,13,15,16,18.3,19,22,19,22
R8,parent,15,15,15,17,9,11,12,12,11,11,13,15,30,32.2,13,18,11,13,14,14.2,7,9,22,23,15,15,9,11,11,13,10,11,26.2,27.2,13,13,15,17.3,18,22,23,24
R9,parent,15,16,17,18,10,11,11,12,8,8,12,14,29,30,14,23,10,11,13,14,7,9,20,24,15,17,12,12,10,11,8,11,18,26.2,13,14,13,17.3,19,19,17,19
R10,parent,15,16,17,20,10,12,10,14,9,11,13,16,31,31,13,14,11,12,15,15.2,6,7,21,23,15,15,9,13,9,10,12,12,19,30.2,16,16,17.3,18.3,18,20,19,25
R11,parent,15,15,16,18,9,12,10,12,8,8,10,15,30,30,15,15,10,13,14,15.2,7,7,21,21,15,15,10,11,11,12,11,12,23.2,25.2,13,13,16,17,18,19,17,23
R12,parent,15,16,17,18,9,11,12,12,8,8,13,14,30,30,13,15,10,11,13,15.2,7,8,23,26,15,16,10,11,8,11,10,12,20,21,13,13,15,16,18,19,17,18
R13,parent,15,15,14,17,9,9,12,13,8,8,11,17,28,32.2,14,17,10,15,14,15.2,6,8,22,25,16,17,12,12,10,11,10,10,23.2,26.2,13,16,16,17,22,24,19,22
R14,parent,17,18,16,17,11,12,12,13,8,8,13,15,30,31.2,17,20,10,11,13,14,6,7,21,24,15,16,10,10,11,12,10,12,17,28.2,16,18,14,15,18,18,16,25
R15,parent,15,17,16,19,12,13,10,10,8,8,10,14,30,30,14,14,10,11,13,14,9,9,20,23,11,17,11,13,11,11,10,12,27.2,32.2,12,13,16,16,17,19,19,23
R16,parent,17,17,14,17,10,10,12,12,8,8,13,16,29,33.2,12,13,10,10,14,14,6,7,20,25,15,16,13,13,8,12,10,12,15,19,12,14,16,17.3,17,21,16,17
R17,parent,16,17,14,17,11,12,12,13,8,9,12,13,29,34,15,16,10,11,14,14,6,9,22,24,11,15,11,12,8,12,10,11,21,22.2,14,15,16.3,17.3,19,20,18,24
R18,parent,15,15,15,18,9,11,12,13,9,11,11,14,28.2,29,14,21,10,11,14.2,15,6,7,20,22,11,11,9,9,9,10,12,12,19,21,14,15,16,17.3,18,19,18,24
R19,parent,15,18,14,17,9,12,11,12,9,11,10,13,30,32.2,13,15,10,11,14,14,8,9,24,24,15,15,11,13,11,12,9,13,19,19,13,14,15,16,17,19,18,19
R20,parent,15,17,14,16,9,13,12,12,8,8,10,14,29,30,14,16,11,14,13,15.2,9,9,22,23,16,17,10,10,8,12,10,12,19,29.2,13,16,15,15,18,18,19,20
R21,parent,17,18,17,18,12,13,10,11,11,11,10,10,30,32.2,13,13,10,11,14,16.2,6,9,21,24,16,16,11,12,8,11,11,13,24.2,29.2,15,15,13,15,20,20,18,19
R22,parent,16,16,16,18,9,10,12,13,8,8,11,12,29,31,13,15,10,10,13,14,7,9,21,24,15,16,9,11,8,11,10,12,19,21,13,14,11,13,17,19,19,24
R23,parent,16,16,14,17,9,12,12,14,8,11,10,16,30,33.2,15,18,10,11,13,15,7,9,21,24,16,17,11,11,8,11,11,12,18,27.2,14,16,11,13,18,20,21,22
R24,parent,15,15,14,17,11,13,10,10,9,11,12,13,30,31.2,14,16,10,10,13,14,7,7,19,23,11,16,10,12,9,10,8,12,23,24.2,14,15,17,17,17,21,18,24
R25,parent,15,15,14,16,10,12,10,11,11,11,12,15,30,31,15,15,10,12,14,15.2,7,8,21,24,11,16,11,11,9,12,11,12,20,24.2,15,17,16,17.3,19,25,16,19
R26,sibling,15,16,17,18,9,10,11,12,8,11,14,16,30,30,13,15,9.1,10,13,13,6,9,24,25,15,15,11,12,10,12,9,10,17,29.2,14,15,11,16,18,22,18,24
R27,sibling,15,15,15,19,11,12,11,12,8,8,15,16,29,31,13,19,10,11,14,15,8,9,23,23,15,15,10,11,8,10,10,12,30.2,32.2,15,15,11,15,18,27,23,25
R28,sibling,15,16,17,18,9,10,11,12,8,8,10,14,29,33.2,13,14,10,11,15.2,16.2,9,9,20,21,15,16,10,11,8,12,11,12,16,29.2,13,13,11,16,20,20,19,25
R29,sibling,15,17,14,16,9,9,10,12,8,11,11,14,29,30,12,13,11,11,13,15.2,7,9,20,21,15,15,11,12,8,9,9,10,18,24.2,12,13,13,18,19,20,19,20
R30,sibling,15,16,17,19,9,15,12,12,8,12,13,15,29,32.2,13,15,10,11,13,14.2,6,9,17,21,11,17,9,10,9,12,11,12,20,25.2,13,16,11,16,20,25,19,22
R31,sibling,15,16,15,18,9,9,10,12,9,11,11,14,29,30,14,15,10,14,14.2,15,9,9,19,24,16,16,12,13,11,12,8,10,24.2,28.2,13,15,15,18.3,18,19,18,18
R32,sibling,15,15,17,17,9,11,7,10,9,11,12,13,28,30,17,17,12,12,14.2,15.2,6,9,22,23,15,16,9,11,8,13,10,12,19,28.2,15,15,15,18.3,18,25,22,26
R33,sibling,16,17,15,16,9,13,11,12,8,11,10,13,30,30,13,16,12,12,13,14,6,9,22,23,15,17,11,12,9,11,8,10,22,29.2,14,15,15,16,20,20,19,23
R34,sibling,16,17,16,18,10,11,10,10,8,8,15,16,29,30,13,16,12,14,13,14,8,9,22,26,11,16,10,11,9,9,11,12,18,26.2,12,13,11,14,17,24,17,18
R35,sibling,17,17,14,16,10,12,7,13,8,9,10,14,32.2,33,13,13,9.1,11,14,14,6,9,21,24,16,17,10,12,9,9,11,12,18,32.2,13,13,16,16,19,21,19,19
R36,sibling,16,17,17,17,10,12,13,13,8,11,11,13,29,30,14,16,11,12,14,14.2,7,9,21,21,15,17,10,11,8,12,11,11,17,24.2,13,13,15,18.3,19,25,19,22
R37,sibling,15,17,16,17,9,12,10,12,9,11,12,14,29,30,13,14,10,14,13,14,6,7,21,23,15,16,10,13,10,12,11,11,27.2,29.2,15,15,17,17.3,19,20,18,25
R38,sibling,15,17,14,17,10,11,12,12,9,11,10,13,29,32,15,16,10,10,14.2,14.2,6,6,22,24,15,16,11,13,8,12,10,11,19,27.2,13,15,11,14,20,25,20,21
R39,sibling,15,16,14,18,9,13,11,11,8,8,13,13,30,30.2,16,17,11,14,13,14,8,9,20,22,15,16,11,11,12,12,10,11,25.2,32.2,12,16,12,16,20,21,21,24
R40,sibling,15,17,14,15,9,12,11,12,8,8,12,13,30,33.2,13,18,10,13,13,13,9,9,20,24,15,16,9,11,9,10,12,12,28.2,29.2,13,14,16,16,19,20,20,23
R41,sibling,16,17,14,18,9,9,12,15,8,8,12,15,29,31,16,16,11,12.3,14,15.2,6,9,21,22,11,15,9,11,8,9,10,13,15,25.2,13,13,13,16,17,22,17,18
R42,sibling,15,17,14,17,9,12,12,12,8,11,14,14,31.2,32.2,14,20,11,11,13,15.2,7,9,22,25,17,17,9,13,10,12,12,12,19,27.2,14,15,14,16,17,18,18,24
R43,sibling,16,16,18,18,9,12,10,12,8,8,11,15,30,31,14,17,10,10,14,14,7,9.3,20,21,11,15,9,12,10,11,10,12,19,23.2,14,14,17,17,23,26,18,19
R44,sibling,15,17,16,18,9,10,11,11,11,11,12,15,29,31.2,13,16,11,11,13,14.2,6,9,22,22,16,17,10,13,8,12,10,12,20,25.2,15,15,17,17.3,18,23,17,18
R45,sibling,15,16,14,18,9,12,10,12,8,11,14,14,29,31,16,16,10,11,15,15.2,7,8,23,23,15,16,12,12,11,11,11,12,24.2,27.2,13,14,15,16,18,21,18,22
R46,sibling,15,16,17,18,9,12,11,12,8,9,10,15,29,30,16,16,11,12,13,13,7,9,21,23,11,11,10,12,8,12,10,10,19,20,13,17,15,16,17,21,18,19
R47,sibling,15,15,17,18,9,12,12,12,8,11,10,13,29,29,14,17,9.1,10,13,14,9,9,19,23,11,15,9,10,11,12,11,11,17,22.2,13,13,13,17.3,21,22,19,19
R48,sibling,15,16,14,17,11,12,11,12,8,11,11,13,30,30,14,15,10,11,13,14,9,9,20,21,11,15,9,13,11,12,9,11,15,25.2,13,13,14,16,19,19,19,23
R49,sibling,14,16,14,17,12,12,10,11,9,11,10,16,30,31,13,20,10,14,14,14.2,9,9,23,23,11,11,9,9,8,8,12,13,24.2,28.1,13,14,16,16,17,20,19,24
R50,sibling,15,16,17,20,10,11,9,11,8,8,12,13,29,30,12,13,10,13,14,14.2,6,7,23,23,15,17,10,13,10,13,10,12,20,24.2,12,13,15,16,21,25,20,23
R51,uncle,15,15,14,16,10,11,11,12,8,9,10,15,28,31.2,14,15,10,10,13,15.2,6,9,20,23,11,16,12,12,8,10,10,11,17,27.2,13,15,13,15,19,20,22,23
R52,uncle,15,16,17,18,9,12,12,12,8,12,13,15,29,31,14,21,9.1,12,13,14,6,7,23,24,15,16,11,13,11,12,10,10,17,25.2,14,15,16,18.3,18,20,19,24
R53,uncle,15,17,17,17,10,11,10,14,11,11,10,14,29,30,18,18,10,11,13,15.2,6,9,20,23,15,16,12,12,11,11,10,11,16,22,15,15,16,17.3,20,21,18,19
R54,uncle,15,16,14,17,9,11,12,12,11,12,10,16,29,31,14,19,11,12,14,15.2,9,9,19,22,11,15,10,12,8,11,8,10,27.2,27.2,14,17,15,16,18,18,20,22
R55,uncle,16,16,14,17,11,11,12,12,8,11,10,15,29,32.2,14,14,10,10,13.2,14.2,7,9,20,22,11,17,12,13,8,9,10,11,20.2,25.2,13,13,15,16.3,17,18,19,19
R56,uncle,16,17,17,20,9,10,11,12,8,11,12,15,29,29,13,15,10,12,14.2,16.2,7,9,22.2,23,15,15,11,12,10,11,12,12,28.2,28.3,13,15,15,15,19,20,19,19
R57,uncle,17,17,17,17,10,12,9,14,8,12,12,13,30,31.2,13,14,11,15,13,14,6,9,22,22,11,17,11,13,10,12,13,13,19,24.2,12,13,15,17,20,22,18,24
R58,uncle,15,15,14,17,9,10,12,12,8,9,10,13,30,33.2,12,19,12,12,13,13,9,9.3,22,25,15,17,12,13,11,11,11,12,22.2,25.2,13,16,11,15,18,26,18,25
R59,uncle,15,16,16,17,9,12,10,11,8,11,10,13,29,30,13,16,11,11,13,13,7,9,20,22,15,17,12,12,11,12,11,12,19,21.2,13,15,12,17.3,19,20,19,23
R60,uncle,15,16,14,18,11,12,11,14,8,11,13,17,29,32.2,14,16,11,12,14,15.2,7,9,22,24,15,16,12,13,11,12,11,12,19,31.2,13,14,16,17.3,19,22,17,18
R61,uncle,16,16,14,17,10,12,11,12,8,9,10,11,30,31,14,14,10,11,14,15.2,8,9.3,21,25,16,17,9,9,12,12,8,11,16,18,13,14,15,15,19,25,19,23
R62,uncle,15,16,17,18,9,10,10,12,11,11,13,14,30,30,13,15,10,11,10.2,14.2,7,9,22,23,16,16,12,13,11,12,11,13,21,29.2,14,14,17,17.3,19,20,19,24
R63,uncle,15,16,14,16,10,10,11,11,8,11,15,16,28.2,30,15,15,10,11,13,14,7,9,21,24,11,17,11,11,8,8,8,10,25.2,28.2,13,16,15,16,21,22,16,19
R64,uncle,16,17,16,17,9,11,10,12,11,11,15,16,30,30,13,17,11,13,14.2,15.2,8,9,23,24,11,11,10,12,11,12,8,11,17,19,15,16,15,16,17,18,18,23
R65,uncle,15,17,16,18,9,11,10,12,8,11,10,13,29,30,14,18,9.1,9.1,14,14,7,9.3,19,22,15,17,10,11,12,12,10,10,17,25.2,15,16,13,16,18,19,19,19
R66,uncle,15,17,14,18,9,12,7,11,8,12,12,13,30,30,15,17,10,11,13,14,6,9,21,21,16,16,11,12,8,13,10,10,24.2,29.2,14,14,14,14,18,19,18,28
R67,uncle,15,16,16,17,10,11,10,12,8,11,11,15,29,30,15,17,11,11,13,14,7,9,20,22,11,15,11,13,11,12,10,12,19,21.2,13,15,16,17,18,19,22,23
R68,uncle,15,15,16,18,9,11,10,12,11,11,13,15,29,30,14,17,11,11,14,15,9,9,20,23,15,17,11,12,12,14,11,12,16,25.2,13,13,13,16,20,25,18,22
R69,uncle,15,17,16,18,9,11,12,12,8,11,15,16,29,30,13,14,10,11,14,15.2,9,9,20,24,11,15,12,12,8,8,10,11,21,22,14,15,15,18.3,18,19,19,20
R70,uncle,15,16,17,18,9,10,10,12,8,11,13,13,31.2,32,15,16,11,12,13,14,9,9.3,21,24,15,17,10,13,8,10,11,13,23.2,27.2,13,15,12,17,18,20,17,20
R71,uncle,15,16,16,18,9,9,12,12,8,11,12,14,30,33.2,13,16,10,12,14,14,6,9,21,24,11,17,10,10,8,10,10,12,25.2,28.2,14,15,13,15,21,23,17,19
R72,uncle,16,16,16,17,9,12,11,12,8,8,15,16,29,30,15,18,12,14,13,15,7,9,21,24,15,17,10,10,10,12,11,12,20,30.2,13,15,13,16,21,26,17,25
R73,uncle,16,17,16,16,9,12,10,11,8,12,11,13,29,29,15,20,11,11,13,13.2,6,9.3,19,22,15,16,12,13,9,11,12,12,22.2,22.2,14,15,12,18,18,19,23,24
R74,uncle,18,18,17,18,9,10,12,13,8,8,10,14,29,30,14,18,9.1,11,13,14,7,8,21,21,11,15,10,12,8,11,10,12,27.2,27.2,13,14,14,16,17,23,19,19
R75,uncle,15,18,17,17,11,13,10,11,11,11,11,13,28,31,13,17,12,12,14,15,7,9,23,24,17,17,11,12,8,10,10,12,16,24.2,13,14,14,15,19,20,19,27
R76,cousin,15,17,16,18,9,13,10,12,8,11,11,12,31,33.1,13,13,11,11,13,13.2,6,9,19,24,15,16,11,12,10,11,8,10,29.2,30.2,13,13,17.3,17.3,18,20,19,24
R77,cousin,16,17,16,18,13,13,12,13,8,8,13,16,29,30,14,16,12,14,14,14.2,6,7,23,24,14,15,12,13,9,11,7,12,17,29.2,12,14,14,17,15,18,18,23
R78,cousin,15,17,18,19,9,10,10,13,8,10,13,15,30,30,14,18,10,13,13,13,7,8,20,21,15,16,11,12,9,12,8,8,17,21,13,14,16,16,18,21,17,25
R79,cousin,15,16,15,18,9,10,10,12,8,9,13,15,28,30,14,20,11,11,13,14,7,8,24,24,15,15,11,13,8,11,11,12,19,21,13,15,16,16,15,19,17,24
R80,cousin,15,17,18,18,9,12,11,11,8,11,11,14,29,31.2,13,15,11,14,13,14,6,9,20,22,15,18,12,12,8,15,10,10,16,20,15,15,15,17,18,21,17,27
R81,cousin,15,16,17,18,11,11,10,12,11,12,11,13,29,29,15,15,10,11,14,15.2,6,7,21,22,15,16,13,15,10,11,11,11,19,29.2,14,15,17,17.3,18,18,17,22
R82,cousin,17,17,14,18,9,12,10,10,8,11,10,15,29,30,15,17,12,14,13,14,6,9.3,22,23,15,15,10,13,8,11,11,12,20,22.2,13,13,15,16,18,21,23,25
R83,cousin,16,17,14,17,9,9,12,12,9,11,11,13,29,30,13,14,11,14,13,14,6,6,21,21,11,17,9,12,11,12,10,11,15,21,13,14,15,15,18,24,18,25
R84,cousin,16,17,17,17,11,13,11,14,8,9,11,14,29,31,15,19,12,13,14,14.2,6,9,24,24,15,15,11,12,9,9,10,10,26.2,27.2,13,14,13,16,18,19,17,18
R85,cousin,15,16,17,18,9,10,11,12,9,11,10,15,30,30,11,14,10,12,13,14,7,10,21,22,11,15,9,10,10,11,10,10,28.2,30.2,13,14,15,16,18,21,24,26
R86,cousin,15,15,17,18,9,9,11,12,8,11,14,15,29,31.2,13,18,10,14,13,14.2,6,9.3,21,24,15,16,11,13,8,11,11,11,18,23.2,15,15,12,12,20,23,19,22
R87,cousin,15,17,18,19,9,9,12,16,9,9,15,15,29,30,13,14,10,10,12,13,6,9,21,22,17,18,12,13,10,11,11,11,18,23.2,13,15,17,17.3,18,25,18,20
R88,cousin,15,15,14,17,9,10,11,11,8,9,11,15,29,30,13,16,10,12,13.2,14.2,7,7,19,23,11,17,9,12,9,11,11,11,19,31.2,14,15,16,17,25,27,19,25
R89,cousin,15,16,18,18,11,12,7,10,8,8,10,12,30,32.2,17,25,12,13,13,14,6,6,18,24,15,15,11,12,10,11,10,11,18,24.2,14,14,13,16,20,22,18,19
R90,cousin,15,15,17,17,9,10,12,12,8,12,13,13,31,31.2,12,13,10,11,14,14,7,9,22,22,16,17,11,11,8,10,8,9,25.2,29.2,13,15,15,17.3,19,19,17,17
R91,cousin,14,16,16,19,12,12,10,12,8,11,11,11,29,32.2,13,15,10,11,13.2,14,9,9,21,25,15,17,12,13,8,11,12,13,23.2,23.2,13,13,12,13,19,20,17,18
R92,cousin,15,16,14,17,11,12,10,10,8,11,15,15,31,31.2,13,16,11,11,12,14,6,9,21,21,11,11,12,13,8,12,11,11,26.2,28.2,16,16,14,15,18,20,18,20
R93,cousin,17,18,16,16,9,9,11,12,8,10,10,16,28.2,28.2,13,18,10,14,13,13.2,7,9,20,23,11,17,12,13,8,11,11,11,29.2,30.2,13,15,16,16,18,19,23,24
R94,cousin,15,15,14,18,10,12,11,13,11,12,10,10,30,32.2,14,15,11,14,13,14,9,9,21,22,15,15,10,13,8,8,8,11,19,20,13,15,14,16,16,20,18,20
R95,cousin,16,17,16,18,9,11,11,12,9,10,13,13,29,30,13,13,11,13,13,14,6,7,23,23,11,17,9,13,12,12,8,12,17,21,13,14,15,15,20,20,19,20
R96,cousin,16,16,14,17,12,12,9,12,8,8,10,10,29,32.2,13,21,12,14,15,16,7,7,21,23,15,17,10,13,9,10,10,13,19,20,13,14,17,17,19,20,18,19
R97,cousin,15,17,14,14,9,10,10,13,8,8,11,16,30,32.2,13,23,10,11,13,15,7,7,22,23.2,11,11,12,13,8,9,12,12,15,21,15,15,13,15,17,20,19,23
R98,cousin,15,18,15,17,9,10,11,12,9,11,11,13,29,32.2,13,14,10,11,12,13,6,7,19,22,11,15,11,11,8,9,8,8,20,33.2,12,13,15,15,19,25,19,19
R99,cousin,15,16,18,18,11,13,9,12,8,11,12,13,29,30,14,16,11,14,13,14.2,6,9,22,24,11,16,11,11,9,12,9,12,16,28.2,13,15,12,14,18,20,17,24
R100,cousin,15,17,16,19,9,9,12,14,8,9,10,11,30,30.2,15,19,11,13,13,14,7,9,18,24,11,17,9,12,8,11,11,12,20,27.2,14,14,13,16,18,20,17,19
