Sample Name,DYS456,DYS389I,DYS390,DYS389II,DYS458,DYS19,DYS385,DYS393,DYS391,DYS439,DYS635,DYS392,YGATAH4,DYS437,DYS438,DYS448
Q1,15,13,26,31,17,17,"13, 18",13,11,13,21,11,12,14,10,18
Q2,17,13,23,30,16,15,"12, 17",14,10,13,21,11,11,14,11,17
Q3,15,14,25,31,15,15,"13, 17",13,10,12,21,11,11,14,10,19
Q4,15,13,25,30,15,17,"12, 17",13,10,11,22,13,11,14,10,19
Q5,15,13,24,29,18,13,"13, 14",13,10,13,21,11,12,14,10,18
Q6,15,14,23,29,16,15,"10, 16",14,10,12,21,,12,14,10,21
Q7,14,12,23,28,20,15,12,13,10,,23,12,12,15,10,19
Q8,15,12,23,28,21,,"13, 19",13,10,11,19,12,11,15,,19
Q9,15,13,24,29,18,,"13, 14",13,10,13,21,11,12,14,10,18
Q10,15,,,29,17,15,"12, 18",13,10,13,20,12,,14,10,19
Q11,15,14,,,17,15,"10, 20",13,10,,20,13,,14,13,18
Q12,,14,25,,16,17,"13, 17",,,12,21,,,,10,19
Q13,15,13,23,,16,14,"12, 13",13,10,12,,15,,14,10,18
Q14,15,13,22,,17,,"10, 20",13,10,12,20,13,,14,,
Q15,,14,25,31,15,,14,,11,12,21,11,11,14,10,19
Q16,,13,26,30,18,17,"13, 19",,10,13,22,11,12,14,10,
Q17,15,12,24,29,18,16,"12, 19",12,,,,13,,14,10,19
Q18,,13,26,30,16,17,"12, 19",13,10,,,,12,14,10,18
Q19,,12,24,29,,15,,13,,12,20,15,12,14,,
Q20,16,11,23,26,18,15,16,,,12,20,12,11,,10,19
Q21,,14,,,18,15,"10, 20",,10,12,,,,,13,18
Q22,15,,,29,,,13,15,,,21,,,14,10,18
Q23,15,13,23,29,,,,,10,,21,,12,14,9,18
Q24,15,14,22,29,,15,"11, 21",13,10,11,20,12,11,,13,17
Q25,,14,,,,,18,,,11,,13,12,14,10,18
Q26,15,13,25,30,15,16,"13, 17",13,10,11,21,11,11,14,10,19
Q27,15,14,25,32,15,16,"13, 17",14,11,12,23,11,11,14,10,17
Q28,15,14,24,29,17,16,"10, 18",13,10,12,21,13,11,14,13,18
Q29,15,14,23,29,18,15,"9.2, 18",13,10,11,21,13,11,14,13,18
Q30,16,12,23,28,16,17,"12, 14",12,10,12,20,14,13,14,10,19
Q31,15,15,24,31,16,,"16, 22",14,,11,22,14,10,14,12,19
Q32,15,14,24,29,16,16,"10, 20",15,10,12,21,11,11,14,10,20
Q33,15,14,22,,17,15,"10, 21",13,10,12,20,14,12,14,13,
Q34,15,14,25,31,,17,"13, 17",13,10,,21,12,11,14,10,19
Q35,17,13,24,29,16,13,15,14,11,13,21,11,12,14,10,18
Q36,15,14,25,31,15,17,"13, 16",,10,13,21,11,11,14,10,19
Q37,15,,,30,20,16,20,13,10,12,20,13,12,,13,18
Q38,15,12,24,27,18,14,"13, 19",12,,,,,11,15,11,20
Q39,15,14,25,31,16,15,13,13,,13,,11,11,14,11,17
Q40,,13,24,30,15,15,"13, 17",,,14,21,11,11,,11,16
Q41,17,13,,,,15,12,13,,,21,13,11,14,11,
Q42,15,14,22,,17,16,"10, 20",,10,14,21,13,,14,13,18
Q43,,13,,30,15,17,17,13,10,12,21,,11,14,10,
Q44,15,14,23,29,18,17,,,10,12,21,13,11,,13,18
Q45,15,14,25,31,,17,"13, 17",13,,,21,11,11,14,10,19
Q46,,12,23,27,19,,,13,,,20,13,,14,13,
Q47,,13,,,,,17,,11,12,21,,10,,10,
Q48,,14,24,30,19,,15,14,,13,21,11,12,14,10,
Q49,16,14,24,30,17,16,"11, 12",,10,,,11,,14,,
Q50,,12,,,,,"12, 13",,,,21,14,11,14,,
Q51,15,14,22,30,17,16,"10, 20",13,10,12,20,13,12,14,13,18
Q52,15,15,23,31,17,16,"10, 18",15,10,10,20,11,12,14,10,21
Q53,15,12,24,28,17,14,"12, 14",12,11,13,22,14,12,15,11,20
Q54,15,13,24,28,16,16,"10, 20",15,10,12,21,11,12,14,10,21
Q55,16,13,26,30,15,15,"14, 17",13,10,12,21,11,12,14,10,17
Q56,16,13,23,30,17,13,"13, 15",13,10,14,21,11,11,14,10,18
Q57,,14,23,,18,15,"10, 18",13,10,12,20,13,,14,13,18
Q58,15,14,25,31,,17,"14, 17",12,10,12,21,11,11,14,10,19
Q59,16,13,23,29,17,14,"11, 19",13,10,,21,14,12,15,10,20
Q60,15,13,26,30,23,14,"13, 15",12,10,12,20,11,11,14,10,19
Q61,,14,23,,15,15,11,14,11,11,21,11,11,,10,22
Q62,14,14,24,29,,16,10,15,,12,21,11,11,14,,21
Q63,15,14,25,31,15,16,17,,,12,21,11,11,14,10,19
Q64,,13,24,29,,13,"13, 15",14,10,13,22,,12,,10,18
Q65,17,13,23,29,,16,"14, 17",,,,22,11,12,14,10,
Q66,16,14,22,,17,,"10, 20",13,,12,20,13,12,14,13,
Q67,,11,23,26,,14,19,12,,12,21,,11,,,20
Q68,15,14,26,31,15,16,"13, 17",13,,13,23,12,,14,10,17
Q69,16,13,,30,16,17,"13, 16",13,,,21,11,,14,10,17
Q70,15,14,23,28,17,17,10,,,11,22,13,11,14,,18
Q71,16,,24,,,13,13,14,10,14,,11,12,,,18
Q72,14,12,24,,16,16,"14, 17",12,10,11,24,,,14,10,
Q73,17,13,24,29,16,15,16,11,10,12,,11,11,14,,
Q74,15,14,22,,18,15,10,,,11,20,13,,14,,
Q75,,,24,28,16,14,,,10,10,,14,11,15,11,
Q76,15,12,22,30,19,15,"12, 17",12,10,12,19,13,12,15,10,19
Q77,15,13,25,28,18,16,"12, 19",12,11,11,22,13,11,15,10,19
Q78,15,13,25,28,17,16,"12, 18",12,11,11,23,13,11,15,10,19
Q79,14,12,24,28,18,17,"13, 21",12,10,12,21,13,13,15,10,20
Q80,15,14,23,29,18,16,"10, 18",13,10,12,21,13,11,14,13,18
Q81,15,13,25,30,16,16,"13, 16",13,10,11,21,11,11,14,10,19
Q82,16,14,24,31,17,17,"13, 17",13,10,11,21,11,11,14,10,19
Q83,15,14,25,31,15,17,"13, 17",13,10,12,20,11,11,14,10,19
Q84,15,13,23,27,17,15,"11, 18",13,,13,21,13,12,14,13,18
Q85,16,15,22,30,20,15,"10, 20",13,10,12,20,13,11,14,13,18
Q86,15,14,23,29,18,16,"10, 18",13,10,12,21,,11,14,13,18
Q87,15,14,25,31,14,,"13, 18",13,11,,21,11,12,14,10,20
Q88,15,13,25,30,15,14,"14, 16",12,10,13,21,11,12,14,10,
Q89,15,14,23,30,17,,"10, 19",13,,,21,13,11,14,13,18
Q90,16,13,,30,17,13,"13, 15",13,10,,21,,11,14,10,18
Q91,15,,23,27,,14,19,,10,,,14,11,15,11,20
Q92,,,23,27,18,14,"14, 18",12,,11,20,,12,,11,20
Q93,15,,24,,17,14,14,,11,,,,12,,11,
Q94,,14,25,30,20,17,11,13,10,,22,,,14,10,
Q95,15,14,,29,18,16,"10, 18",13,,12,21,13,,14,,
Q96,16,12,23,,16,,"12, 14",12,,12,20,,,14,,19
Q97,16,14,22,,19,15,"10, 20",,10,,20,13,,14,,
Q98,,14,22,,20,15,10,13,,,20,,,,13,18
Q99,,14,22,30,18,15,18,,,12,20,13,12,14,,18
Q100,16,,24,,,15,"12, 13",14,10,13,21,14,,,9,18
